review,label
"This movie was absolutely fantastic, I loved every minute of it.",positive
"Best purchase I've made all year, works perfectly.",positive
"An amazing story with great characters and a beautiful ending.",positive
"The acting was superb and the plot kept me hooked the whole time.",positive
"Excellent quality, fast shipping, highly recommend this product.",positive
"I really enjoyed this film, would watch it again.",positive
"Outstanding performance by the lead actor, truly inspiring.",positive
"Great value for the price, exceeded my expectations.",positive
"This book was a page-turner from start to finish.",positive
"Wonderful customer service and the product works great.",positive
"A masterpiece of storytelling, I was moved to tears.",positive
"The phone battery lasts all day, very happy with it.",positive
"Funny, heartfelt, and well written, one of my favorites this year.",positive
"The food was delicious and the service was excellent.",positive
"Such a comfortable pair of shoes, I wear them every day.",positive
"The cinematography was stunning and the soundtrack was beautiful.",positive
"This laptop is fast, lightweight, and exactly what I needed.",positive
"A heartwarming film that the whole family enjoyed.",positive
"The hotel room was clean, spacious, and the staff were friendly.",positive
"Five stars, this gadget changed how I work every day.",positive
"This movie was a complete waste of time, terrible plot.",negative
"The product broke after just two days of use.",negative
"Awful acting and a story that made no sense at all.",negative
"Worst customer service I have ever experienced, very disappointed.",negative
"The food was cold and tasteless, would not recommend this restaurant.",negative
"I regret buying this, it stopped working within a week.",negative
"Boring from start to finish, I almost fell asleep.",negative
"The hotel room was dirty and the staff were rude.",negative
"Poor build quality, feels cheap and flimsy.",negative
"The battery dies within an hour, very frustrating.",negative
"This book was confusing and poorly written.",negative
"Terrible experience, the package arrived damaged and late.",negative
"The movie dragged on with no real plot development.",negative
"Completely overpriced for what you actually get.",negative
"The shoes fell apart after only a few wears.",negative
"Disappointing sequel, nowhere near as good as the original.",negative
"The app constantly crashes and loses my data.",negative
"Not worth the money, broke on the first use.",negative
"The service was slow and the staff seemed uninterested.",negative
"A dull, forgettable film with weak characters.",negative
"This was the worst meal I have had in a long time.",negative
"Incredible value, this backpack has held up beautifully for years.",positive
"The plot twist at the end left me speechless, brilliant writing.",positive
"My kids absolutely adore this toy, worth every penny.",positive
"Fast delivery and the item matched the description perfectly.",positive
"This restaurant never disappoints, the pasta was incredible tonight.",positive
"A truly gripping thriller, I could not put the book down.",positive
"The headphones sound amazing and the noise cancellation works great.",positive
"Such a relaxing vacation, the resort exceeded all our expectations.",positive
"Smooth performance, no lag at all even with heavy use.",positive
"The director did a fantastic job bringing this story to life.",positive
"Honestly the worst customer support chat I have ever dealt with.",negative
"The film felt rushed and none of the characters were likable.",negative
"It arrived missing half the pieces and customer service ignored me.",negative
"The coffee tasted burnt and the cup was barely half full.",negative
"This sequel ruined everything that made the first one great.",negative
"The mattress sagged within a month, very poor quality.",negative
"Way too buggy, the app crashes every time I open it.",negative
"The tour guide was rude and the bus was over an hour late.",negative
"Cheaply made, the zipper broke on the very first day.",negative
